,ARI,Time
0,1.0,68.83783745765686
1,1.0,88.89586853981018
2,1.0,74.91650056838989
3,1.0,77.21392631530762
4,1.0,69.85843515396118
5,1.0,67.12848567962646
6,1.0,75.48136734962463
7,0.7905134409493189,75.21935367584229
8,1.0,73.74937605857849
9,1.0,83.25837278366089
