"","ARI","Time"
"1",1,0.708405017852783
"2",1,0.584887981414795
"3",1,0.534359931945801
"4",1,0.705933094024658
"5",1,0.600425958633423
"6",1,0.848731994628906
"7",1,0.6248459815979
"8",1,0.689141035079956
"9",1,0.445686101913452
"10",1,0.643882036209106
