,ARI,Time
0,0.6762838707614075,42.22307825088501
1,0.8668571115577296,42.07544207572937
2,0.9842812018820954,43.822256088256836
3,0.9783751330453971,42.37046456336975
4,0.9834903731702663,44.87251281738281
5,0.7940373467831117,41.80080842971802
6,0.9825361567872896,44.61295771598816
7,1.0,40.98653960227966
8,0.9512626769524855,40.59739637374878
9,0.962692311010627,40.005372285842896
